1045461;Office supplies
1041735;Office supplies
3h1029;Office supplies
350006;Office supplies
350002;Office supplies
1035402;Office supplies
1067894;Office supplies
1164816;Office supplies
1028288;Office supplies
1040791;Office supplies
1033710;Office supplies
3079719;Office supplies
3042389;Office supplies
3054716;Hardware tools
3040882;Office supplies
3032951;Hardware tools
1040752;Office supplies
1040750;Office supplies
3207114;Hardware tools
3033186;Hardware tools
3036578;Hardware tools
3036575;Hardware tools
3061600;Hardware tools
3032949;Hardware tools
3036369;Hardware tools
3065631;Hardware tools
3033340;Hardware tools
3087503;Hardware tools
1143744;Hardware tools
3067856;Hardware tools
3049601;Hardware tools
3049605;Hardware tools
1040765;Hardware tools
1143701;Hardware tools
3036474;Hardware tools
3049603;Hardware tools
3032940;Hardware tools
3051814;Hardware tools
3051817;Hardware tools
3076765;Hardware tools
3084128;Hardware tools
1038565;other
3035071;Gloves
1054719;Gloves
1033574;Gloves
3021293;Gloves
1033576;Gloves
3036698;Gloves
3035101;Gloves
3035102;Gloves
1142592;Office supplies
3035100;Gloves
1047612;Gloves
3035074;Gloves
1039767;Gloves
3035099;Gloves
3035274;Gloves
3035276;Gloves
3035277;Gloves
3035275;Gloves
3035278;Gloves
3035279;Gloves
3112894;Office supplies
3104761;Office supplies
1059395;Office supplies
1041355;Office supplies
3030380;Office supplies
347002;Office supplies
337036;Office supplies
332001;Office supplies
1074634;Office supplies
347184;Office supplies
347190;Office supplies
347188;Office supplies
3184282;Office supplies
1039631;Office supplies
347033;Office supplies
347181;Office supplies
3183633;Office supplies
347185;Office supplies
347001;Office supplies
3070510;Hardware tools
3188587;Office supplies
1172004;Office supplies
1047488;Office supplies
427017;Office supplies
1054661;Office supplies
1055348;Office supplies
1059995;Office supplies
1146064;Office supplies
1165956;Office supplies
3034382;Office supplies
1054451;Office supplies
408100;Office supplies
409024;Office supplies
1143130;Office supplies
408090;Office supplies
1060594;Office supplies
1055149;Office supplies
1055381;Office supplies
1050445;Office supplies
1039937;Office supplies
1171504;Office supplies
426146;Office supplies
426064;Office supplies
409009;Office supplies
1074246;Office supplies
1074248;Office supplies
1074249;Office supplies
1074247;Office supplies
2h1145;Office supplies
1168044;Office supplies
1163588;Office supplies
1040216;Office supplies
206012;Office supplies
206031;Office supplies
1034544;Office supplies
1034540;Office supplies
1034539;Office supplies
1032967;Office supplies
1032972;Office supplies
1032968;Office supplies
1032966;Office supplies
1032962;Office supplies
1032973;Office supplies
1032965;Office supplies
1055641;Office supplies
3116897;Office supplies
104009;Office supplies
104008;Office supplies
1032250;Office supplies
1032247;Office supplies
1028120;Office supplies
1028118;Office supplies
116016;Office supplies
102047;Office supplies
102048;Office supplies
102046;Office supplies
102192;Office supplies
102190;Office supplies
157020;Office supplies
157017;Office supplies
157085;Office supplies
157022;Office supplies
3015979;Office supplies
172002;Office supplies
1037371;Office supplies
1067937;Office supplies
1067936;Office supplies
1067935;Office supplies
1027433;Office supplies
1067938;Office supplies
1144162;Office supplies
1144167;Office supplies
1144166;Office supplies
141110;Office supplies
141099;Office supplies
1146641;Office supplies
1033830;Office supplies
101082;Office supplies
101036;Office supplies
107023;Office supplies
107025;Office supplies
107022;Office supplies
107021;Office supplies
107095;Office supplies
1h1894;Office supplies
1036415;Office supplies
1067853;Office supplies
1034519;Office supplies
142012;Office supplies
142013;Office supplies
111060;Office supplies
111267;Office supplies
111061;Office supplies
111062;Office supplies
177045;Office supplies
1047136;Office supplies
178019;Office supplies
1051803;Office supplies
1037345;Office supplies
1067946;Office supplies
1035376;Office supplies
122090;Office supplies
1h1064;Office supplies
1036556;Office supplies
122092;Office supplies
122089;Office supplies
122029;Office supplies
121021;Office supplies
1035668;Office supplies
1036463;Office supplies
123081;Office supplies
123054;Office supplies
123049;Office supplies
1h1021;Office supplies
125004;Office supplies
1026182;Office supplies
1026181;Office supplies
122014;Office supplies
140015;Office supplies
347030;Office supplies
3035494;Office supplies
3005603;Office supplies
133072;Office supplies
1035511;Office supplies
1039114;Office supplies
102155;Office supplies
1036484;Office supplies
1036483;Office supplies
1036481;Office supplies
133024;Office supplies
127001;Office supplies
127026;Office supplies
157059;Office supplies
1033704;Office supplies
1033700;Office supplies
1033697;Office supplies
120015;Office supplies
1026165;Office supplies
120040;Office supplies
1027495;Office supplies
1166272;Office supplies
115117;Office supplies
115120;Office supplies
1153032;Office supplies
115125;Office supplies
115001;Office supplies
1032243;Office supplies
1032242;Office supplies
108074;Office supplies
108155;Office supplies
104062;Office supplies
1037484;Office supplies
1056683;Office supplies
347027;Office supplies
347059;Office supplies
1043914;Office supplies
172012;Office supplies
1142330;Office supplies
3006062;Office supplies
169104;Office supplies
1174649;Office supplies
3005569;Office supplies
1174641;Office supplies
1035838;Office supplies
1028372;Office supplies
137036;Office supplies
137003;Office supplies
1146646;Office supplies
1144242;Office supplies
137074;Office supplies
1146648;Office supplies
1049047;Office supplies
1049038;Office supplies
1060687;Office supplies
347062;Office supplies
347061;Office supplies
347064;Office supplies
1058315;Office supplies
347057;Office supplies
145048;Office supplies
1036208;Office supplies
136011;Office supplies
1051847;Office supplies
138021;Office supplies
1163374;Office supplies
1163376;Office supplies
1163375;Office supplies
1058552;Office supplies
1048802;Office supplies
1048800;Office supplies
1048806;Office supplies
106045;Office supplies
106039;Office supplies
106044;Office supplies
106042;Office supplies
106041;Office supplies
106047;Office supplies
106043;Office supplies
106046;Office supplies
106038;Office supplies
106104;Office supplies
106102;Office supplies
106103;Office supplies
1035799;Office supplies
1054463;Office supplies
1054468;Office supplies
1048935;Office supplies
1028431;Office supplies
1049004;Office supplies
1048881;Office supplies
1051990;Office supplies
337017;Office supplies
1036519;Office supplies
1036518;Office supplies
1045625;Office supplies
1036480;Office supplies
133064;Office supplies
1164347;Office supplies
1036498;Office supplies
1036497;Office supplies
1036490;Office supplies
133065;Office supplies
1046868;Office supplies
3008549;Office supplies
130065;Office supplies
1146634;Office supplies
1044969;Office supplies
1146638;Office supplies
1040364;Office supplies
1036411;Office supplies
1036410;Office supplies
114041;Office supplies
1h1118;Office supplies
1h1057;Office supplies
1039703;Office supplies
1027042;Office supplies
337015;Office supplies
1057498;Office supplies
143003;Office supplies
143002;Office supplies
143005;Office supplies
143004;Office supplies
143074;Office supplies
1043377;Office supplies
1047124;Office supplies
1152852;Office supplies
1067944;Office supplies
1067943;Office supplies
1067942;Office supplies
1067962;Office supplies
156056;Office supplies
156096;Office supplies
156044;Office supplies
156090;Office supplies
108136;Office supplies
108057;Office supplies
108058;Office supplies
108056;Office supplies
1036525;Office supplies
1036524;Office supplies
126029;Office supplies
126027;Office supplies
126030;Office supplies
1142524;Office supplies
1043101;Office supplies
105023;Office supplies
105024;Office supplies
105022;Office supplies
105015;Office supplies
105038;Office supplies
105039;Office supplies
1053258;Office supplies
1148508;Office supplies
1148505;Office supplies
1148504;Office supplies
1046826;Office supplies
1153207;Office supplies
1047109;Office supplies
1040989;Office supplies
3051100;Office supplies
1153222;Office supplies
1173649;Office supplies
1173648;Office supplies
1050150;Office supplies
1144209;Office supplies
3026841;Office supplies
3055114;Office supplies
6h1032;Office supplies
3075914;Office supplies
1051865;Office supplies
1060339;Office supplies
209024;Office supplies
3030936;Office supplies
1051861;Office supplies
1060340;Office supplies
209026;Office supplies
3030939;Office supplies
1051859;Office supplies
1060342;Office supplies
3030937;Office supplies
1051860;Office supplies
1060336;Office supplies
209023;Office supplies
209029;Office supplies
209037;Office supplies
215001;Office supplies
3030935;Office supplies
209025;Office supplies
1036389;Office supplies
225001;Office supplies
225004;Office supplies
1029804;Office supplies
1153626;Office supplies
1153627;Office supplies
1153629;Office supplies
241001;Office supplies
3054122;Office supplies
1144612;Office supplies
1144614;Office supplies
1144615;Office supplies
1030293;Office supplies
1052065;Office supplies
1144616;Office supplies
217025;Office supplies
217094;Office supplies
217096;Office supplies
218044;Office supplies
218046;Office supplies
1052064;Office supplies
217026;Office supplies
217097;Office supplies
218045;Office supplies
1030286;Office supplies
217095;Office supplies
3055124;Office supplies
3082589;Office supplies
1049036;Office supplies
1155914;Office supplies
3000684;Office supplies
3000686;Office supplies
3000685;Office supplies
1031334;Office supplies
1044626;Office supplies
237001;Office supplies
237002;Office supplies
3060120;Office supplies
1029679;Office supplies
237010;Office supplies
1031266;Office supplies
3013420;Office supplies
1034342;Office supplies
3054789;Office supplies
542004;Office supplies
1149400;Office supplies
1167014;Office supplies
3005312;Office supplies
3035103;Office supplies
3078081;Office supplies
3046077;Office supplies
3035037;Office supplies
100010;Labor clothes
100011;Labor clothes
100012;Labor clothes
100013;Labor clothes
100014;Labor clothes
100015;Labor clothes
100016;Labor clothes
100017;Labor clothes
100018;Labor clothes
100019;Labor clothes
100020;Labor clothes
100021;Labor clothes
100022;Labor clothes
100023;Labor clothes
100024;Labor clothes
100025;Labor clothes
100026;Labor clothes
100027;Labor clothes
100028;Labor clothes
100029;Labor clothes
100030;Labor clothes
100031;Labor shoes
100032;Labor shoes
100033;Labor shoes
100034;Labor shoes
100035;Labor shoes
100036;Labor shoes
100037;Printing
100038;Printing
100039;Printing
100040;Printing
100041;Printing
100042;Printing
100043;Printing
100044;Printing
100045;Printing
100046;Printing
100047;Printing
100048;Printing
100049;Printing
100050;Printing
100051;Printing
100052;Printing
100053;Printing
100054;Printing
100055;Printing
100056;Printing
100057;Printing
100058;Printing
100059;Printing
100060;Printing
100061;Printing
100062;Printing
100063;Printing
100064;Printing
100201;Printing
100202;Printing
100203;Printing
100204;Printing
100065;other
100066;other
100067;other
100070;Office supplies
100071;Hardware tools
100072;Hardware tools
100073;Hardware tools
100074;Hardware tools
100075;Hardware tools
100076;Hardware tools
100077;Hardware tools
100078;Hardware tools
100079;Hardware tools
100080;Hardware tools
100081;Hardware tools
100082;Hardware tools
100083;Hardware tools
100084;Hardware tools
100088;Office supplies
100092;Office supplies
100093;Office supplies
100094;Office supplies
100095;Office supplies
100096;Office supplies
100098;Office supplies
100099;Office supplies
100100;Office supplies
100101;Office supplies
100104;Leasing (forklift)
100105;Leasing (warehousing)
100106;Leasing (warehousing)
100107;Leasing (warehousing)
100108;Leasing (warehousing)
100109;Leasing (warehousing)
100110;Leasing (office)
100111;Leasing (office)
100112;Leasing (office)
100113;Leasing (office)
100114;Leasing (office)
100115;Leasing (warehousing)
100116;Leasing (warehousing)
100117;Leasing (office)
100118;Leasing (logistics)
100119;Leasing (logistics)
100120;Leasing (logistics)
100121;Other
100122;Other
100126;Hardware tools
100127;Other
100128;Other
100129;Other
100130;Hardware tools
100131;Office supplies
100132;Office supplies
100133;Office supplies
100134;Office supplies
100135;Office supplies
100136;Office supplies
100137;Office supplies
100138;Hardware tools
100140;Office supplies
100159;Office supplies
100169;Office supplies
100170;Office supplies
100179;Office supplies
100183;Office supplies
100186;Office supplies
100187;Office supplies
100188;Office supplies
100189;Office supplies
100190;Office supplies
100191;Office supplies
100192;Office supplies
100193;Office supplies
100194;Office supplies
100195;Office supplies
100196;Office supplies
100197;Office supplies
100199;Office supplies
100200;Office supplies
